Nt,m,m error
40,0.2219659203175759,3.162884588163418e-05
28,0.18658723765726026,0.00010672618582471886
36,0.22408358430985773,5.244737663185727e-05
